accuracy,precision,recall,f1,f2,roc_auc
0.9172363554858232,0.3310646572678658,0.870843989769821,0.47974638957379356,0.656702025072324,0.8951031950724397
